<?xml version="1.0" encoding="UTF-8"?>
<server>
  <system>
    <resourcepath>/WEB-INF/resources</resourcepath>
    <licensekey></licensekey>
    <component-cfc>/WEB-INF/bluedragon/component.cfc</component-cfc>
    <whitespacecomp>false</whitespacecomp>
    <nativelibdir>/WEB-INF/bin</nativelibdir>
    <missingtemplatehandler></missingtemplatehandler>
    <lastfile>E:\OpenBD\openbd\build\j2ee\webapp\WEB-INF\bluedragon\bluedragon.xml.bak.1</lastfile>
    <errorhandler></errorhandler>
    <buffersize>0</buffersize>
    <tempdirectory>/WEB-INF/bluedragon/work/temp</tempdirectory>
    <password>admin</password>
    <defaultcharset>utf-8</defaultcharset>
    <lastupdated>20/Aug/2011 13:10.05</lastupdated>
    <legacyformvalidation>false</legacyformvalidation>
    <strictarraypassbyreference>false</strictarraypassbyreference>
  </system>
  <file>
    <maxfiles>1000</maxfiles>
    <trustcache>false</trustcache>
  </file>
  <javacustomtags>
    <classes>/WEB-INF/classes</classes>
    <mapping name="cfx_javabluedragonhello">
      <name>cfx_javabluedragonhello</name>
      <displayname>CFX_JavaBlueDragonHello</displayname>
      <description>A simple Java CFX tag example</description>
      <class>com.newatlanta.BlueDragonHello</class>
    </mapping>
  </javacustomtags>
  <nativecustomtags>
    <mapping name="cfx_nativebluedragonhello">
      <function>ProcessTagRequest</function>
      <keeploaded>true</keeploaded>
      <name>cfx_nativebluedragonhello</name>
      <displayname>CFX_NativeBlueDragonHello</displayname>
      <module>/WEB-INF/customtags/BlueDragonHello.dll</module>
      <description>A simple C++ CFX tag example</description>
    </mapping>
  </nativecustomtags>
  <fonts>
    <dirs>C:\Windows\Fonts</dirs>
  </fonts>
  <cfquery>
    <cache>true</cache>
  </cfquery>
  <cfapplication>
    <clientstorage>cookie</clientstorage>
    <enabled>true</enabled>
    <sessiontimeout>#CreateTimeSpan(0,0,20,0)#</sessiontimeout>
    <applicationtimeout>#CreateTimeSpan(2,0,0,0)#</applicationtimeout>
    <j2eesession>false</j2eesession>
  </cfapplication>
  <cfmail>
    <interval>240</interval>
    <smtpserver>127.0.0.1</smtpserver>
    <smtpport>25</smtpport>
    <charset>UTF-8</charset>
  </cfmail>
  <cfmlcustomtags>
    <mapping name="cf">
      <directory>/WEB-INF/customtags</directory>
      <name>cf</name>
    </mapping>
  </cfmlcustomtags>
</server>
