<?xml version="1.0"  encoding="ISO-8859-1"?>
<!DOCTYPE Configure PUBLIC "-//Mort Bay Consulting//DTD Configure//EN" "http://jetty.mortbay.org/configure.dtd">

<!-- ==================================================================
Configure and deploy the test web application in $(jetty.home)/webapps/test

Note. If this file did not exist or used a context path other that /test
then the default configuration of jetty.xml would discover the test
webapplication with a WebAppDeployer.  By specifying a context in this
directory, additional configuration may be specified and hot deployments 
detected.
===================================================================== -->

<Configure class="org.eclipse.jetty.webapp.WebAppContext">

  <!-- - - - - - - - - - - - - - - - - - - - - - - - - - - - - - - - - -->
  <!-- Required minimal context configuration :                        -->
  <!--  + contextPath                                                  -->
  <!--  + war OR resourceBase                                          -->
  <!-- - - - - - - - - - - - - - - - - - - - - - - - - - - - - - - - - -->
  <Set name="contextPath">/</Set>
  <Set name="war"><SystemProperty name="jetty.home" default="."/>/webapps/openbd</Set>

  <!-- - - - - - - - - - - - - - - - - - - - - - - - - - - - - - - - - -->
  <!-- Optional context configuration                                  -->
  <!-- - - - - - - - - - - - - - - - - - - - - - - - - - - - - - - - - -->
  <Set name="extractWAR">false</Set>
  <Set name="copyWebDir">false</Set>
  <Set name="defaultsDescriptor"><SystemProperty name="jetty.home" default="."/>/etc/webdefault.xml</Set>
  
  <!-- virtual hosts
  <Set name="virtualHosts">
    <Array type="String">
      <Item>www.myVirtualDomain.com</Item>
      <Item>localhost</Item>
      <Item>127.0.0.1</Item>
    </Array>
  </Set>
  -->

  <!-- disable cookies  -->
  <Get name="sessionHandler">
     <Get name="sessionManager">
        <Set name="usingCookies" type="boolean">true</Set>
     </Get>
  </Get>
    
</Configure>
