{
  "version" : 3,
  "mpTasks" :
  [
	{
	  "id" : "1",
	  "description" : "Client Checkin Task",
	  "enddate" : "2050-01-01",
	  "startdate" : "2011-01-01",
	  "active" : "1",
	  "interval" : "EVERY@300",
	  "idrev" : "1",
	  "parent" : "0",
	  "scope" : "Global",
	  "cmdalt" : "0",
	  "mode" : "0",
	  "idsig" : "0",
	  "cmd" : "kMPCheckIn",
	  "name" : "Client Checkin"
	},
	{
	  "id" : "2",
	  "description" : "Update Agent Task",
	  "enddate" : "2050-01-01",
	  "startdate" : "2011-01-01",
	  "active" : "1",
	  "interval" : "EVERY@3600",
	  "idrev" : "1",
	  "parent" : "0",
	  "scope" : "Global",
	  "cmdalt" : "0",
	  "mode" : "0",
	  "idsig" : "0",
	  "cmd" : "kMPAgentCheck",
	  "name" : "Update Agent "
	},
	{
	  "id" : "3",
	  "description" : "Client Vulnerability Scan Task",
	  "enddate" : "2050-01-01",
	  "startdate" : "2011-01-01",
	  "active" : "1",
	  "interval" : "RECURRING@Daily@12:00:00",
	  "idrev" : "1",
	  "parent" : "0",
	  "scope" : "Global",
	  "cmdalt" : "0",
	  "mode" : "0",
	  "idsig" : "0",
	  "cmd" : "kMPVulScan",
	  "name" : "Client Vulnerability Scan"
	},
	{
	  "id" : "4",
	  "description" : "Client Vulnerability Update Task",
	  "enddate" : "2050-01-01",
	  "startdate" : "2011-01-01",
	  "active" : "1",
	  "interval" : "RECURRING@Daily@18:00:00",
	  "idrev" : "2",
	  "parent" : "0",
	  "scope" : "Global",
	  "cmdalt" : "0",
	  "mode" : "0",
	  "idsig" : "0",
	  "cmd" : "kMPVulUpdate",
	  "name" : "Client Vulnerability Update"
	},
	{
	  "id" : "5",
	  "description" : "Client Antivirus Scan & Update Task",
	  "enddate" : "2050-01-01",
	  "startdate" : "2011-01-01",
	  "active" : "1",
	  "interval" : "EVERYRAND@14400",
	  "idrev" : "1",
	  "parent" : "0",
	  "scope" : "Global",
	  "cmdalt" : "0",
	  "mode" : "0",
	  "idsig" : "0",
	  "cmd" : "kMPAVCheck",
	  "name" : "Client Antivirus Scan & Update"
	},
	{
	  "id" : "6",
	  "description" : "Client Inventory Scan Task",
	  "enddate" : "2050-01-01",
	  "startdate" : "2011-01-01",
	  "active" : "1",
	  "interval" : "EVERY@21600",
	  "idrev" : "1",
	  "parent" : "0",
	  "scope" : "Global",
	  "cmdalt" : "0",
	  "mode" : "0",
	  "idsig" : "0",
	  "cmd" : "kMPInvScan",
	  "name" : "Client Inventory Scan"
	},
	{
	  "id" : "7",
	  "description" : "Check for Mandatory Software",
	  "enddate" : "2050-01-01",
	  "startdate" : "2012-01-01",
	  "active" : "1",
	  "interval" : "EVERY@14400",
	  "idrev" : "1",
	  "parent" : "0",
	  "scope" : "Global",
	  "cmdalt" : "0",
	  "mode" : "0",
	  "idsig" : "0",
	  "cmd" : "kMPSWDistMan",
	  "name" : "Mandatory Software Install"
	},
	{
	  "id" : "8",
	  "description" : "Client Antivirus Info Scan",
	  "enddate" : "2050-01-01",
	  "startdate" : "2011-01-01",
	  "active" : "1",
	  "interval" : "EVERYRAND@1800",
	  "idrev" : "1",
	  "parent" : "0",
	  "scope" : "Global",
	  "cmdalt" : "0",
	  "mode" : "0",
	  "idsig" : "0",
	  "cmd" : "kMPAVInfo",
	  "name" : "Client Antivirus Info Scan"
	},
	{
	  "id" : "10",
	  "description" : "Scan and Install Profiles",
	  "enddate" : "2050-01-01",
	  "startdate" : "2011-01-01",
	  "active" : "1",
	  "interval" : "EVERYRAND@3600",
	  "idrev" : "1",
	  "parent" : "0",
	  "scope" : "Global",
	  "cmdalt" : "0",
	  "mode" : "0",
	  "idsig" : "0",
	  "cmd" : "kMPProfiles",
	  "name" : "Scan and Install Profiles"
	},
	{
	  "id" : "11",
	  "description" : "Re-Post failed post attempts",
	  "enddate" : "2050-01-01",
	  "startdate" : "2011-01-01",
	  "active" : "0",
	  "interval" : "EVERYRAND@7200",
	  "idrev" : "1",
	  "parent" : "0",
	  "scope" : "Global",
	  "cmdalt" : "0",
	  "mode" : "0",
	  "idsig" : "0",
	  "cmd" : "kMPWSPost",
	  "name" : "Re-Post failed post attempts"
	}
  ]
}
